Date,Close,MarketCap,Volume,Z_score,Anomaly
2023-08-15 00:00:00+00:00,0.1755525039252061,315088293.72560793,206406006.58883107,-1.0203546870539513,No
2023-08-16 00:00:00+00:00,0.1755525039252061,315088293.72560793,206406006.58883107,-1.0203546870539513,No
2023-08-17 00:00:00+00:00,0.212871395272863,380895964.1418712,1471351435.6355896,-0.8521466439081022,No
2023-08-18 00:00:00+00:00,0.1733317384144302,311426252.2018937,517682038.0040706,-1.0303643793937765,No
2023-08-19 00:00:00+00:00,0.1681340809920397,304696480.36934143,357920881.3020359,-1.0537918648412428,No
2023-08-20 00:00:00+00:00,0.1619713056586568,291104862.9135692,139999887.7876912,-1.0815694418737107,No
2023-08-21 00:00:00+00:00,0.1526990077048677,275776067.8571375,103321711.0916972,-1.1233626205547826,No
2023-08-22 00:00:00+00:00,0.1505237886336922,271052274.4718387,85996843.90142515,-1.1331670206900222,No
2023-08-23 00:00:00+00:00,0.1556856180823328,280938600.40186673,129032524.31057684,-1.109901023248676,No
2023-08-24 00:00:00+00:00,0.155027611789983,278804053.81203425,97356898.717338,-1.1128668656629837,No
2023-08-25 00:00:00+00:00,0.1492076509238935,268828564.9342763,53638461.76079464,-1.139099269497022,No
2023-08-26 00:00:00+00:00,0.1412721065163125,254110484.43985176,71167542.18252315,-1.1748672772778856,No
2023-08-27 00:00:00+00:00,0.134357365606686,241794945.7462933,45868486.52567714,-1.2060342009261102,No
2023-08-28 00:00:00+00:00,0.1341360342867596,241104468.01371425,53469024.69141932,-1.20703181116766,No
2023-08-29 00:00:00+00:00,0.1303818808344184,235237781.1518725,53355785.80139575,-1.2239529678013017,No
2023-08-30 00:00:00+00:00,0.147718957618557,265418495.97102883,225627863.273528,-1.1458092809333802,No
2023-08-31 00:00:00+00:00,0.1514738393855411,272467137.1144115,361393965.2587408,-1.1288848415553578,No
2023-09-01 00:00:00+00:00,0.134256038493591,241797927.1272952,140968347.5108539,-1.2064909142634,No
2023-09-02 00:00:00+00:00,0.1428004072353793,256505776.4782287,194845475.05457145,-1.1679787427043964,No
2023-09-03 00:00:00+00:00,0.1338077126643339,240900148.0033495,146756800.18989095,-1.2085116605317858,No
2023-09-04 00:00:00+00:00,0.1303208753204189,235458639.85175693,67370571.47926998,-1.224227938942201,No
2023-09-05 00:00:00+00:00,0.1277770280702012,230151983.47106257,43437201.62609726,-1.235693862836747,No
2023-09-06 00:00:00+00:00,0.1266727715872278,228596720.5043462,39247591.64244797,-1.240671095959824,No
2023-09-07 00:00:00+00:00,0.1275293495687691,230255926.59337884,38468600.4457878,-1.2368102281560456,No
2023-09-08 00:00:00+00:00,0.1329885805399248,239086858.71260303,98675542.7290766,-1.2122037480174823,No
2023-09-09 00:00:00+00:00,0.1284898800390045,231267251.1661715,49144306.22865824,-1.2324808136170362,No
2023-09-10 00:00:00+00:00,0.1260198624180959,226777921.1387235,25601188.307929497,-1.2436139640281318,No
2023-09-11 00:00:00+00:00,0.1217802748453424,219217338.40783283,41845189.31427595,-1.2627231257316478,No
2023-09-12 00:00:00+00:00,0.1176562395916864,211762436.32037663,47200330.65194844,-1.2813114565965604,No
2023-09-13 00:00:00+00:00,0.1182208128615377,212786208.0729472,40984741.43849079,-1.2787667463571954,No
2023-09-14 00:00:00+00:00,0.1192346615310452,215262344.91775823,38309874.37454159,-1.2741970098354114,No
2023-09-15 00:00:00+00:00,0.119413455138641,214861177.53374147,31891250.79796584,-1.273391130513314,No
2023-09-16 00:00:00+00:00,0.1246936180024702,224324630.51774147,65176135.524085626,-1.2495917669539285,No
2023-09-17 00:00:00+00:00,0.1418861414346278,255787000.6299269,228467302.2937776,-1.1720996277496387,No
2023-09-18 00:00:00+00:00,0.1240444491764062,223276075.8264601,80010509.02835989,-1.252517776113372,No
2023-09-19 00:00:00+00:00,0.1245934534782116,224367119.7200649,48099880.760996014,-1.2500432401357338,No
2023-09-20 00:00:00+00:00,0.1257698660480014,226396267.0527025,34053432.9717352,-1.2447407767143774,No
2023-09-21 00:00:00+00:00,0.1250431472480532,225279807.1215372,52286664.11281024,-1.248016328126605,No
2023-09-22 00:00:00+00:00,0.1245704928689665,225212108.4774409,52661892.02721376,-1.250146730861505,No
2023-09-23 00:00:00+00:00,0.125397886342622,225768576.15623865,23218581.63059936,-1.246417406862603,No
2023-09-24 00:00:00+00:00,0.12274343915463,220842491.73653013,17468019.317912936,-1.258381839647238,No
2023-09-25 00:00:00+00:00,0.1191119191676931,214378501.74666643,20369077.02795924,-1.274750248476887,No
2023-09-26 00:00:00+00:00,0.118998120841049,214210890.385648,19245272.350231804,-1.2752631735169089,No
2023-09-27 00:00:00+00:00,0.1173236774112821,211198692.0628129,17523507.75194112,-1.2828104194963157,No
2023-09-28 00:00:00+00:00,0.1168325852795587,210572789.3360469,24545546.640705183,-1.2850239270121733,No
2023-09-29 00:00:00+00:00,0.1191454806852531,214039976.90930963,30499233.010849454,-1.274598976105444,No
2023-09-30 00:00:00+00:00,0.1207767996748387,217234797.6769637,35781759.38018089,-1.26724610561343,No
2023-10-01 00:00:00+00:00,0.1202109195154567,216084721.56916788,16550509.982195225,-1.2697967064171352,No
2023-10-02 00:00:00+00:00,0.1247044569939777,224232938.0265965,24667576.73419196,-1.2495429121920287,No
2023-10-03 00:00:00+00:00,0.1199019404043064,215813878.35417125,39301027.98391216,-1.2711893729670432,No
2023-10-04 00:00:00+00:00,0.116363041635196,209600946.13292748,19821721.66741909,-1.2871403086820907,No
2023-10-05 00:00:00+00:00,0.1164331429419096,210219491.55724505,14688371.42963535,-1.2868243399274346,No
2023-10-06 00:00:00+00:00,0.1166089914592908,209864869.087898,13857070.493509363,-1.2860317350581412,No
2023-10-07 00:00:00+00:00,0.1174389439304361,211283995.1177089,11917932.850004058,-1.2822908768484242,No
2023-10-08 00:00:00+00:00,0.117439400748017,211392355.95507672,11136792.652000738,-1.282288817827146,No
2023-10-09 00:00:00+00:00,0.1160643590477473,208905513.4871064,10267694.18386443,-1.2884865655440227,No
2023-10-10 00:00:00+00:00,0.1097501707964871,197563585.3448823,26594023.688107688,-1.31694660847254,No
2023-10-11 00:00:00+00:00,0.1062696720875988,191972257.50208896,19790757.76025591,-1.3326343166506802,No
2023-10-12 00:00:00+00:00,0.1036341567104398,186548064.0339679,21800638.13213197,-1.3445134177778508,No
2023-10-13 00:00:00+00:00,0.1022683621793469,184387083.73849493,18887205.050558016,-1.3506694855793897,No
2023-10-14 00:00:00+00:00,0.1044025576256968,187943165.5545911,14210983.074542284,-1.341049991892479,No
2023-10-15 00:00:00+00:00,0.1033774464591573,186693072.95176,9511145.746000605,-1.3456704920494695,No
2023-10-16 00:00:00+00:00,0.1036159330681309,186604995.52582416,14407722.064685823,-1.3445955574958617,No
2023-10-17 00:00:00+00:00,0.1043046895600404,187790090.5485992,19106979.52425655,-1.3414911142092478,No
2023-10-18 00:00:00+00:00,0.0999366651309929,179742107.43916366,20269430.883982822,-1.3611791814344678,No
2023-10-19 00:00:00+00:00,0.1024472387332166,184455211.00446737,73274048.80984095,-1.349863232392209,No
2023-10-20 00:00:00+00:00,0.096821911396585,174844034.77224454,29880470.06738232,-1.3752183613679003,No
2023-10-21 00:00:00+00:00,0.099930566747485,180040030.46514937,22703255.433030065,-1.3612066687771829,No
2023-10-22 00:00:00+00:00,0.1027130354703026,185294521.9861388,13725493.301637648,-1.3486652024560226,No
2023-10-23 00:00:00+00:00,0.105313407225548,186535739.65250987,29883754.93608331,-1.3369445047448612,No
2023-10-24 00:00:00+00:00,0.1084701689448867,195701929.3597608,27752502.43903497,-1.3227159815408611,No
2023-10-25 00:00:00+00:00,0.1091913590266109,196259118.8100221,44873555.46506313,-1.319465349809792,No
2023-10-26 00:00:00+00:00,0.1122995322745478,202022905.85896915,52578585.259060256,-1.305455830209565,No
2023-10-27 00:00:00+00:00,0.1086329040008453,195711176.96823743,39046658.51717688,-1.321982483188538,No
2023-10-28 00:00:00+00:00,0.1065463545305516,191873980.68914503,30534107.657120872,-1.331387221396206,No
2023-10-29 00:00:00+00:00,0.1102693082000087,198484754.76001585,29678692.88303068,-1.314606692049067,No
2023-10-30 00:00:00+00:00,0.1114690659628591,200584868.0515616,24593097.84171744,-1.3091990044610815,No
2023-10-31 00:00:00+00:00,0.1133139608766172,203953361.52933863,24424269.09595882,-1.3008834797483555,No
2023-11-01 00:00:00+00:00,0.1120852278355687,201718147.1886504,39015758.34697244,-1.306421768076859,No
2023-11-02 00:00:00+00:00,0.1157996061888107,208015125.4086102,40709056.70225532,-1.289679890391327,No
2023-11-03 00:00:00+00:00,0.1109731584952889,200261744.3749732,44894851.82429361,-1.3114342162181596,No
2023-11-04 00:00:00+00:00,0.1121470732411842,201916848.88243225,28425690.50805777,-1.3061430112788817,No
2023-11-05 00:00:00+00:00,0.1162307486001269,209474205.7257873,21363085.49565177,-1.287736595220817,No
2023-11-06 00:00:00+00:00,0.119102891346629,214510000.39346087,60043624.44551151,-1.2747909397209252,No
2023-11-07 00:00:00+00:00,0.1246824552180942,224186064.94011545,18754057.559848823,-1.2496420811526665,No
2023-11-08 00:00:00+00:00,0.12174603106631,218919431.27608,19639213.161804788,-1.2628774732712706,No
2023-11-09 00:00:00+00:00,0.1281912605616525,229951226.6871219,43115111.532946,-1.2338267860218075,No
2023-11-10 00:00:00+00:00,0.1236651760670075,222655387.2925455,36468641.495210856,-1.25422727993961,No
2023-11-11 00:00:00+00:00,0.1286998402400372,231823627.9716726,36166383.042617925,-1.2315344566037687,No
2023-11-12 00:00:00+00:00,0.1325606848464646,239450446.79611704,40725786.00646169,-1.214132409204037,No
2023-11-13 00:00:00+00:00,0.1325210121250585,239519970.7494936,31439718.155649185,-1.2143112267035123,No
2023-11-14 00:00:00+00:00,0.1498340779688358,267655185.5273476,249148302.3607845,-1.136275764735807,No
2023-11-15 00:00:00+00:00,0.1513376115941425,273062390.52268386,132754079.11081237,-1.1294988632849898,No
2023-11-16 00:00:00+00:00,0.1613449531838344,290023479.6310296,108442600.15899938,-1.0843926105238173,No
2023-11-17 00:00:00+00:00,0.1510966547981805,271973978.6367249,98083054.47096492,-1.1305849317524015,No
2023-11-18 00:00:00+00:00,0.1447676479009063,260192781.72277075,52057782.06364897,-1.1591117670040043,No
2023-11-19 00:00:00+00:00,0.1417460878336203,255143887.15143025,38110572.63711006,-1.1727308936128589,No
2023-11-20 00:00:00+00:00,0.1484577517422094,267532345.8496585,33934664.13191113,-1.142479302219127,No
2023-11-21 00:00:00+00:00,0.1630537690757512,293021100.6388785,81923258.16650054,-1.0766904369892891,No
2023-11-22 00:00:00+00:00,0.1474841072162718,265611433.96302733,129846951.73872128,-1.146867825953713,No
2023-11-23 00:00:00+00:00,0.1773755272338215,318991264.166651,104055534.48874632,-1.0121377445811757,No
2023-11-24 00:00:00+00:00,0.2016956769751504,364036304.5634273,408564148.7431092,-0.9025191399207826,No
2023-11-25 00:00:00+00:00,0.2419985616545984,434215748.8869815,219713879.4400181,-0.7208612953211622,No
2023-11-26 00:00:00+00:00,0.2270123354031099,408648655.61281365,129386031.75009248,-0.7884089555241524,No
2023-11-27 00:00:00+00:00,0.2271664402256834,411051417.8154432,109482182.59495868,-0.7877143563624851,No
2023-11-28 00:00:00+00:00,0.2268413613311114,408030739.9256684,105769353.93955286,-0.7891795897268574,No
2023-11-29 00:00:00+00:00,0.2819624387614736,506903537.2310545,234192014.34502435,-0.5407314650417656,No
2023-11-30 00:00:00+00:00,0.2531193332081254,455943807.54174113,239178466.92010704,-0.6707364616581104,No
2023-12-01 00:00:00+00:00,0.2407103926281927,433820846.6798394,147553054.97732162,-0.7266674804287057,No
2023-12-02 00:00:00+00:00,0.2487584326099761,448025826.45961297,123148971.47501075,-0.6903924195249915,No
2023-12-03 00:00:00+00:00,0.2722863706942542,490429930.3649298,129209344.8063792,-0.5843445632919418,No
2023-12-04 00:00:00+00:00,0.26753877544295,482671575.2370109,119832312.90370695,-0.6057434762293848,No
2023-12-05 00:00:00+00:00,0.2727539942089266,490868849.781385,218487360.23557016,-0.5822368362536635,No
2023-12-06 00:00:00+00:00,0.3066625822920979,666489963.4119909,155264249.51027587,-0.4294001082229681,No
2023-12-07 00:00:00+00:00,0.2744623562697831,597203185.8831654,106766873.51608849,-0.5745367082792208,No
2023-12-08 00:00:00+00:00,0.2822699561810403,612730929.4400544,104684164.47389908,-0.5393453867979964,No
2023-12-09 00:00:00+00:00,0.2812388872133848,611355049.2377386,77456679.16154931,-0.5439927406484111,No
2023-12-10 00:00:00+00:00,0.2684511038796087,583946738.6666772,78003137.44601229,-0.601631323496683,No
2023-12-11 00:00:00+00:00,0.2637350371633941,573257020.7904415,76658783.83717747,-0.6228881273574852,No
2023-12-12 00:00:00+00:00,0.2388558347052274,519447222.518869,85902069.56065403,-0.7350265593792706,No
2023-12-13 00:00:00+00:00,0.2415558405650346,525793015.16604376,75952388.37606364,-0.7228567792555904,No
2023-12-14 00:00:00+00:00,0.2517434505397574,547323122.4272331,62978649.5915338,-0.6769379998841115,No
2023-12-15 00:00:00+00:00,0.2569918868871592,558122491.7366134,71385984.14740287,-0.6532816377658559,No
2023-12-16 00:00:00+00:00,0.2315322161345789,533873663.5457376,43787638.94601557,-0.7680364239285489,No
2023-12-17 00:00:00+00:00,0.2380659645201571,542847667.0967948,45066799.16308466,-0.7385867540520491,No
2023-12-18 00:00:00+00:00,0.2327961427748956,535147944.8543904,34473472.96278742,-0.7623395069202967,No
2023-12-19 00:00:00+00:00,0.2936672694765244,673723845.0413747,190100488.89168543,-0.4879740920643462,No
2023-12-20 00:00:00+00:00,0.3575962363000616,821416039.8458874,434764945.8706402,-0.1998260249219853,No
2023-12-21 00:00:00+00:00,0.3843305989341777,883929658.0370771,334231716.9938182,-0.0793257994050093,No
2023-12-22 00:00:00+00:00,0.3770800914315102,867372219.4481839,237754621.07076493,-0.1120061292539443,No
2023-12-23 00:00:00+00:00,0.3539750344180895,813959938.2613925,194271511.73484075,-0.2161479267900815,No
2023-12-24 00:00:00+00:00,0.3717326095182626,852926238.0640651,157890810.8809053,-0.136108921054636,No
2023-12-25 00:00:00+00:00,0.3648427532801637,839482747.0079606,160906257.64679363,-0.1671636816200139,No
2023-12-26 00:00:00+00:00,0.397053467746611,914232618.6637734,225195876.3234827,-0.0219798068297201,No
2023-12-27 00:00:00+00:00,0.5012062482898533,1153327479.8448472,500538236.1623484,0.4474697070952916,No
2023-12-28 00:00:00+00:00,0.4399198163403806,1010769413.3068856,318365473.35367554,0.1712323801721459,No
2023-12-29 00:00:00+00:00,0.4535024949550634,1045814150.1879624,284366066.4947722,0.2324538073890136,No
2023-12-30 00:00:00+00:00,0.5491655094178298,1261543421.3717191,491067100.4019083,0.663637261214346,No
2023-12-31 00:00:00+00:00,0.5965084737892261,1372603477.378437,378025913.4432067,0.8770269709849237,No
2024-01-01 00:00:00+00:00,0.562563953961225,1295239004.1872995,276289486.7720242,0.7240282872190398,No
2024-01-02 00:00:00+00:00,0.7152101723167744,1642807131.8044577,521264794.0692105,1.4120530584804476,No
2024-01-03 00:00:00+00:00,0.7123504510189705,1625534618.766835,561540828.3709327,1.3991633903773704,No
2024-01-04 00:00:00+00:00,0.7820334481769446,1772042592.8371906,1473300333.9415915,1.713246691601069,No
2024-01-05 00:00:00+00:00,0.773225694528142,1780662276.888021,589888470.3894238,1.6735473609866072,No
2024-01-06 00:00:00+00:00,0.7165008534596107,1646418739.499447,427061400.7806346,1.4178705664910485,No
2024-01-07 00:00:00+00:00,0.6543882021088396,1508065768.7622948,538566358.3614589,1.1379092074843435,No
2024-01-08 00:00:00+00:00,0.6852097460738437,1547558650.706216,654437053.9943036,1.2768316515834923,No
2024-01-09 00:00:00+00:00,0.7454006344072813,1708315745.002145,471635935.1977413,1.5481310170297695,No
2024-01-10 00:00:00+00:00,0.6724049136370763,1541988143.337545,342117361.2063441,1.2191162230372916,No
2024-01-11 00:00:00+00:00,0.7391989256644101,1700293547.1091003,392132326.6490253,1.5201779548104022,No
2024-01-12 00:00:00+00:00,0.7428817344782768,1707820503.1699011,403347258.53640187,1.5367775386000124,No
2024-01-13 00:00:00+00:00,0.6790158235065384,1558831929.4006472,289797709.5223021,1.248913684119308,No
2024-01-14 00:00:00+00:00,0.7231339168837989,1657922687.4667878,220447355.49602696,1.447767880648937,No
2024-01-15 00:00:00+00:00,0.6918241600726336,1598257480.7693624,202589320.89630768,1.3066449068843584,No
2024-01-16 00:00:00+00:00,0.799614989176606,1937310716.6496933,330929088.3859264,1.7924922559853718,No
2024-01-17 00:00:00+00:00,0.7741866645895559,1876892862.3388224,455167665.6654933,1.677878756902052,No
2024-01-18 00:00:00+00:00,0.8290771943386352,2011387878.3422103,345574050.1089544,1.925287730290844,No
2024-01-19 00:00:00+00:00,0.7347232546836684,1782279368.3273952,342772393.5457421,1.500004690539986,No
2024-01-20 00:00:00+00:00,0.6991834335345527,1696173667.2464645,295854072.1002459,1.3398154793022958,No
2024-01-21 00:00:00+00:00,0.6749125591045507,1639099885.608819,156734642.50050387,1.2304189740503897,No
2024-01-22 00:00:00+00:00,0.6554967023481728,1592059299.0398505,120513807.11552352,1.1429055685591654,No
2024-01-23 00:00:00+00:00,0.5957179058483174,1438928950.5792255,227476120.880607,0.8734636313059584,No
2024-01-24 00:00:00+00:00,0.6442307902374699,1545076487.556011,308418075.7617722,1.092126540513,No
2024-01-25 00:00:00+00:00,0.6532822381367971,1587574005.4219892,244033692.290163,1.1329242781681417,No
2024-01-26 00:00:00+00:00,0.6042285053371586,1465333420.3185203,166417788.84052542,0.9118235941644456,No
2024-01-27 00:00:00+00:00,0.6694187883920504,1623958349.1268277,199955922.0942414,1.2056568123764824,No
2024-01-28 00:00:00+00:00,0.6428602315085651,1558342439.1649,142058786.1448405,1.0859489989655335,No
2024-01-29 00:00:00+00:00,0.6500572892472206,1577120388.607692,156920376.18027443,1.1183884138278122,No
2024-01-30 00:00:00+00:00,0.686056976308509,1665091594.3558643,195606694.81583792,1.280650386136442,No
2024-01-31 00:00:00+00:00,0.6957596949151388,1679466680.8696518,329741583.9721997,1.3243836067943615,No
2024-02-01 00:00:00+00:00,0.6515109228259071,1580670735.3480692,278110180.439529,1.1249403999906404,No
2024-02-02 00:00:00+00:00,0.6408592732918369,1553041064.143078,198778343.70136416,1.0769300476007422,No
2024-02-03 00:00:00+00:00,0.6343137887587785,1538385207.9179456,146879683.0111142,1.0474274791967024,No
2024-02-04 00:00:00+00:00,0.6108527644265659,1480326452.540593,109990414.21445271,0.9416812244016384,No
2024-02-05 00:00:00+00:00,0.5954480873169143,1443341829.461211,89499137.54139727,0.8722474738711357,No
2024-02-06 00:00:00+00:00,0.6094863148033738,1475723983.502444,147452386.2047532,0.935522203892875,No
2024-02-07 00:00:00+00:00,0.6003132065482665,1455098138.1064994,107660885.78197125,0.8941761045465043,No
2024-02-08 00:00:00+00:00,0.6238448065601244,1515228625.12412,133082777.46315022,1.0002404662450195,No
2024-02-09 00:00:00+00:00,0.6390906593442961,1550996286.8614924,173174648.416523,1.0689583453219986,No
2024-02-10 00:00:00+00:00,0.7049918557414857,1710973318.5451186,210789518.10929865,1.365995874751113,No
2024-02-11 00:00:00+00:00,0.6848006165926426,1661161033.4638076,124242705.18741156,1.2749875756492692,No
2024-02-12 00:00:00+00:00,0.6769141110879628,1639934788.4922807,122387207.49852563,1.2394406017093684,No
2024-02-13 00:00:00+00:00,0.7586234962863333,1843521871.8725047,236273825.91643324,1.607730636448872,No
2024-02-14 00:00:00+00:00,0.7580231394330815,1836971547.5271392,235697510.61067784,1.605024638284727,No
2024-02-15 00:00:00+00:00,0.8798587068166716,2134328424.096641,383036288.8588226,2.154176063610888,Yes
2024-02-16 00:00:00+00:00,0.932316308382713,2378511838.2345734,507309452.08575547,2.3906190604123587,Yes
2024-02-17 00:00:00+00:00,0.9335077028722836,2421861311.8017817,373730237.7322679,2.3959890520832925,Yes
2024-02-18 00:00:00+00:00,0.9079258607775652,2317310224.0562053,217750754.35846195,2.280683601052287,Yes
2024-02-19 00:00:00+00:00,0.9638060573219136,2458895614.8260984,320497670.45665514,2.5325533156096145,Yes
2024-02-20 00:00:00+00:00,0.9226719597604188,2349376885.020318,218841764.2040635,2.347148931729816,Yes
2024-02-21 00:00:00+00:00,0.9347505478851786,2381493514.2753844,292288372.7975304,2.4015909475309662,Yes
2024-02-22 00:00:00+00:00,0.8756583874988592,2232898212.983699,245410301.09561148,2.135243896348602,Yes
2024-02-23 00:00:00+00:00,0.8375092247711331,2135908431.845454,213098137.16203907,1.9632935575696804,No
2024-02-24 00:00:00+00:00,0.7890918605387665,2017017069.1234329,184202788.49168843,1.745061187911744,No
2024-02-25 00:00:00+00:00,0.858666477591767,2187366504.74488,186821302.3955627,2.058655985733674,Yes
2024-02-26 00:00:00+00:00,0.8263409192502796,2107511072.3350463,126763805.3293265,1.9129544732861463,No
2024-02-27 00:00:00+00:00,0.8903974068221002,2271720905.186703,252779273.707642,2.201677316761743,Yes
2024-02-28 00:00:00+00:00,0.8901294379761069,2268929701.854288,289917244.89116424,2.200469496443913,Yes
2024-02-29 00:00:00+00:00,0.8689760404447792,2216904974.3819675,360917680.17391217,2.1051244452878244,Yes
2024-03-01 00:00:00+00:00,0.8362353732608943,2136979351.526085,356076101.0547087,1.9575519060345488,No
2024-03-02 00:00:00+00:00,0.8591396384388075,2191730763.921532,222753972.93518463,2.060788671279782,Yes
2024-03-03 00:00:00+00:00,0.8484572191348076,2164033850.776788,178263681.9698452,2.0126396298077323,Yes
2024-03-04 00:00:00+00:00,0.8196873801190033,2088366597.864631,230899259.6381215,1.882964868642208,No
2024-03-05 00:00:00+00:00,0.7921156635227007,2021131434.892204,335242342.4681359,1.7586904240551184,No
2024-03-06 00:00:00+00:00,0.7267044670022412,1855285314.5374608,418767102.1067807,1.4638614790032478,No
2024-03-07 00:00:00+00:00,0.7871486476765128,2020993295.466573,255280279.861462,1.7363025131180445,No
2024-03-08 00:00:00+00:00,0.9496514390872332,2385729509.357336,659747705.5761824,2.46875397568411,Yes
2024-03-09 00:00:00+00:00,0.9302143260242228,2371815093.117556,408833506.5388872,2.381144761297872,Yes
2024-03-10 00:00:00+00:00,0.9029432858648048,2303503321.8333,260294597.4649428,2.2582255604825563,Yes
2024-03-11 00:00:00+00:00,0.8681623260699952,2213451520.204807,175282638.7229512,2.101456777312724,Yes
2024-03-12 00:00:00+00:00,0.8977402247199429,2293937342.7340484,230683752.56563425,2.234773718749312,Yes
2024-03-13 00:00:00+00:00,0.9025836291815874,2304790408.8750443,274141203.1846632,2.2566044740916253,Yes
2024-03-14 00:00:00+00:00,0.898830996706538,2294049128.437152,207260466.3426208,2.2396901729835554,Yes
2024-03-15 00:00:00+00:00,0.8676416358731536,2214075933.860264,229033360.14244032,2.09910986195878,Yes
2024-03-16 00:00:00+00:00,1.0406920517393,2789670915.768557,794820284.9864055,2.879102802993656,Yes
2024-03-17 00:00:00+00:00,0.8985503342184502,2405918156.646304,643701799.9145023,2.238425138407209,Yes
2024-03-18 00:00:00+00:00,0.9016505313705028,2400505281.649276,173611606.40693396,2.252398707221328,Yes
2024-03-19 00:00:00+00:00,0.8336690594969275,2228401684.4190764,215218835.19803432,1.94598471845886,No
2024-03-20 00:00:00+00:00,0.8133788491877865,2185255951.971653,281482956.7560241,1.854530325043912,No
2024-03-21 00:00:00+00:00,0.867722756337584,2323043654.36632,201104080.25791568,2.099475497541408,Yes
2024-03-22 00:00:00+00:00,0.8238503922280346,2208365971.562514,155234835.30923048,1.9017288805183696,No
2024-03-23 00:00:00+00:00,0.7911774235952882,2114698369.8984847,119255013.36683132,1.7544614800406475,No
2024-03-24 00:00:00+00:00,0.8051281132638287,2155865606.2048845,100884802.43896134,1.8173416494384869,No
2024-03-25 00:00:00+00:00,0.8172255844902024,2189077316.331381,75552226.87252237,1.8718687773492493,No
2024-03-26 00:00:00+00:00,0.8374331526961742,2237533227.531,112904942.853022,1.9629506766746487,No
2024-03-27 00:00:00+00:00,0.8414337043241166,2245733880.12976,127018742.3394668,1.9809824277942427,No
2024-03-28 00:00:00+00:00,0.8946434055975361,2385317794.88451,274170479.4910078,2.220815375782904,Yes
2024-03-29 00:00:00+00:00,0.8656429221074915,2316664249.330598,161599358.0602944,2.090101027044616,Yes
2024-03-30 00:00:00+00:00,0.8325780278445898,2228857567.826367,112639422.35854007,1.9410670938290109,No
2024-03-31 00:00:00+00:00,0.8178289850140994,2184313169.57436,75734637.74724199,1.874588494299369,No
2024-04-01 00:00:00+00:00,0.822145004819924,2194844324.3902764,66815326.07102357,1.894042160244407,No
2024-04-02 00:00:00+00:00,0.7799839988756421,2087136476.2417448,126656842.21999408,1.7040091755857285,No
2024-04-03 00:00:00+00:00,0.7057729619790318,1892030922.492124,123528622.1233399,1.3695165675413317,No
2024-04-04 00:00:00+00:00,0.7055944885055245,1888548865.099884,80345088.06772082,1.368712131164794,No
2024-04-05 00:00:00+00:00,0.7199328457370554,1924462587.794784,85902750.71295623,1.4333396408454473,No
2024-04-06 00:00:00+00:00,0.6954484623224179,1860350139.9341104,81994284.24323349,1.3229807830904876,No
2024-04-07 00:00:00+00:00,0.7145848580670926,1913781726.284037,58937587.71572769,1.4092345694393256,No
2024-04-08 00:00:00+00:00,0.7332335838309539,1958969730.8817675,37865247.47677519,1.4932902729885054,No
2024-04-09 00:00:00+00:00,0.7415396719406535,1984938080.2659647,68863544.28791821,1.5307284383968485,No
2024-04-10 00:00:00+00:00,0.6846791314998232,1831530494.243924,116262751.37627272,1.2744400039236203,No
2024-04-11 00:00:00+00:00,0.6715376771830021,1795927539.6405463,85100265.8551052,1.2152073141277098,No
2024-04-12 00:00:00+00:00,0.6628599377725154,1773172104.417023,56336994.74825824,1.1760939987944763,No
2024-04-13 00:00:00+00:00,0.5780160933926112,1543631548.3917654,144506876.71482956,0.7936759654406884,No
2024-04-14 00:00:00+00:00,0.4947816319687371,1327404310.0981052,169866541.583129,0.4185119299397361,No
2024-04-15 00:00:00+00:00,0.5467782181065234,1464020591.8940504,141350777.40422162,0.6528769844378185,No
2024-04-16 00:00:00+00:00,0.4959067020502294,1383210243.2520046,119535661.7589206,0.4235829765323795,No
2024-04-17 00:00:00+00:00,0.4872922120663778,1365039550.8636138,86301282.22342108,0.3847547463637956,No
2024-04-18 00:00:00+00:00,0.5017142283342302,1406268568.5483923,106293369.05817744,0.4497593337732596,No
2024-04-19 00:00:00+00:00,0.5208671117374545,1459273541.4180896,96901933.82019062,0.5360874352124051,No
2024-04-20 00:00:00+00:00,0.5592890654988842,1566983025.6883602,110120952.00567536,0.7092673294338924,No
2024-04-21 00:00:00+00:00,0.6027010959467523,1687341088.46798,70077645.70722301,0.904939077091058,No
2024-04-22 00:00:00+00:00,0.5880238585358173,1646637158.2826931,61084463.04609109,0.8387841272914727,No
2024-04-23 00:00:00+00:00,0.6449290770361945,1805323682.240407,140367260.89188334,1.0952739399058125,No
2024-04-24 00:00:00+00:00,0.6395575568252666,1787905971.8068433,142726756.92241016,1.0710627998968183,No
2024-04-25 00:00:00+00:00,0.5911733916671378,1653227401.9706256,125371889.29910532,0.8529800689636708,No
2024-04-26 00:00:00+00:00,0.6312607806599106,1766893009.2941794,143133244.3491922,1.033666606365971,No
2024-04-27 00:00:00+00:00,0.5843749073684981,1637019771.7291155,112402870.96131286,0.8223371506202842,No
2024-04-28 00:00:00+00:00,0.5874219139346938,1643043923.5634844,98763172.92798662,0.8360709726456407,No
2024-04-29 00:00:00+00:00,0.5935314270344395,1661140147.6349683,87067184.0049075,0.8636084799501464,No
2024-04-30 00:00:00+00:00,0.6345379476564682,1777830852.3948703,173920617.05842456,1.0484378342252818,No
2024-05-01 00:00:00+00:00,0.5448391365373347,1531461060.193185,139213387.6173616,0.6441369306882345,No
2024-05-02 00:00:00+00:00,0.5316922430706054,1489692980.2127786,159713502.62059045,0.5848797249238853,No
2024-05-03 00:00:00+00:00,0.5409397844864233,1515163571.6958356,101345423.24479777,0.6265613180605635,No
2024-05-04 00:00:00+00:00,0.5698341542072561,1596712014.2048018,102026501.703455,0.7567973784889535,No
2024-05-05 00:00:00+00:00,0.5644042546638631,1581573027.9343154,75255837.66217986,0.7323231043696066,No
2024-05-06 00:00:00+00:00,0.5597812222695673,1566384082.2786975,75136901.49535878,0.7114856356141689,No
2024-05-07 00:00:00+00:00,0.5411016484502322,1515497812.6090157,78248932.31681417,0.6272908901251376,No
2024-05-08 00:00:00+00:00,0.5238742152301281,1469539557.0584276,69008220.11870557,0.5496414014684642,No
2024-05-09 00:00:00+00:00,0.5228489884399474,1465478689.135474,75142739.86323142,0.5450203801591637,No
2024-05-10 00:00:00+00:00,0.5394009926384458,1510402937.8498807,51723778.97754797,0.6196254966518886,No
2024-05-11 00:00:00+00:00,0.5081324792452776,1423581308.0998008,70553377.21063486,0.4786884200129593,No
2024-05-12 00:00:00+00:00,0.4985647789023444,1396191003.49273,41566676.47945605,0.4355637693608786,No
2024-05-13 00:00:00+00:00,0.4998576351094813,1399134168.587472,31296149.963726044,0.4413910810740147,No
2024-05-14 00:00:00+00:00,0.4841758113156481,1357192060.5315735,81948487.26732817,0.3707081428070312,No
2024-05-15 00:00:00+00:00,0.4553477950070674,1275495267.9294252,75774151.51642755,0.2407711581879144,No
2024-05-16 00:00:00+00:00,0.5286690238815538,1548755696.9150765,108107502.39766727,0.5712531201286366,No
2024-05-17 00:00:00+00:00,0.5396987082979452,1580558100.8778622,141958477.2959109,0.6209673952638209,No
2024-05-18 00:00:00+00:00,0.5617322329816704,1641825016.6121874,80714264.4334004,0.7202794577827383,No
2024-05-19 00:00:00+00:00,0.5490478465596198,1605910590.0473647,49948610.54571308,0.6631069175086319,No
2024-05-20 00:00:00+00:00,0.5227379432043259,1527194057.7996938,37559827.45737868,0.5445198641708787,No
2024-05-21 00:00:00+00:00,0.5812152752060535,1700225443.4974227,144460032.32661787,0.8080956894216024,No
2024-05-22 00:00:00+00:00,0.5704378716952978,1668693687.1272504,80503589.29803938,0.7595185240966938,No
2024-05-23 00:00:00+00:00,0.5443469891628048,1594387845.542035,69661386.23245804,0.6419186668593909,No
2024-05-24 00:00:00+00:00,0.5234609058014352,1533563768.669268,78969986.08601245,0.5477784851892398,No
2024-05-25 00:00:00+00:00,0.5159719134442884,1510871402.347009,52580029.75277024,0.514023228694757,No
2024-05-26 00:00:00+00:00,0.5330934522140721,1558014543.210808,41303855.38190848,0.591195417581122,No
2024-05-27 00:00:00+00:00,0.5378742063910006,1573941646.26391,48793056.43756753,0.6127437882808581,No
2024-05-28 00:00:00+00:00,0.5695947468382827,1668228123.8970337,92940601.5806264,0.7557182937788915,No
2024-05-29 00:00:00+00:00,0.5409093421777604,1583339924.1395442,73519736.86066593,0.6264241049498811,No
2024-05-30 00:00:00+00:00,0.5150081959718718,1504918666.8961053,60644977.37989329,0.5096794493292202,No
2024-05-31 00:00:00+00:00,0.5106435051129221,1494362640.292649,43965915.3721833,0.4900064075584712,No
2024-06-01 00:00:00+00:00,0.5074019155495906,1483805856.2441542,39693572.187550366,0.4753955384399211,No
2024-06-02 00:00:00+00:00,0.492499717612139,1440463804.5360165,49819311.51332607,0.4082266204171669,No
2024-06-03 00:00:00+00:00,0.4789786709432921,1402727091.6424177,60324418.900955975,0.3472829878675564,No
2024-06-04 00:00:00+00:00,0.5029124955829853,1469279329.7802885,37858417.27417845,0.455160303142933,No
2024-06-05 00:00:00+00:00,0.5224721944243935,1529621977.2079833,51259916.47416711,0.5433220503927472,No
2024-06-06 00:00:00+00:00,0.5280633235919567,1545272405.8722775,48331019.59758282,0.568523037407345,No
2024-06-07 00:00:00+00:00,0.5098015575043524,1492261080.6709406,40608866.7824431,0.4862114834716459,No
2024-06-08 00:00:00+00:00,0.5176079687569242,1509878114.5749643,141885616.11226252,0.5213974472923337,No
2024-06-09 00:00:00+00:00,0.4940171802189324,1445326421.9257512,106610920.957004,0.4150663041917423,No
2024-06-10 00:00:00+00:00,0.5019619085006778,1468653433.536271,62385886.55299621,0.4508757065973093,No
2024-06-11 00:00:00+00:00,0.4820468741147742,1409760262.167801,424724534.8867341,0.3611123496950828,No
2024-06-12 00:00:00+00:00,0.4569417074574196,1337907502.3159373,90769636.19572397,0.247955425580048,No
2024-06-13 00:00:00+00:00,0.4800437287954812,1404035832.3456974,87852881.0256948,0.3520835403674927,No
2024-06-14 00:00:00+00:00,0.4423084809056175,1296795871.4103005,80836240.14934216,0.1819988466383464,No
2024-06-15 00:00:00+00:00,0.4191829976100393,1226777695.8134198,91834647.89820872,0.0777649813899497,No
2024-06-16 00:00:00+00:00,0.4158686792612297,1268586690.464079,38864957.53368698,0.062826300639171,No
2024-06-17 00:00:00+00:00,0.4135893572643092,1261341612.198032,45254776.34989853,0.0525526757013454,No
2024-06-18 00:00:00+00:00,0.3800711130355135,1160767466.0113132,108530732.06576358,-0.098524649155047,No
2024-06-19 00:00:00+00:00,0.3440519760557246,1047966420.816205,112267817.5111264,-0.2608742883962189,No
2024-06-20 00:00:00+00:00,0.3572972188101262,1088214841.0215893,81879323.1953221,-0.2011737912953176,No
2024-06-21 00:00:00+00:00,0.3602699780648084,1098749561.9997566,97833277.45004344,-0.1877746253791736,No
2024-06-22 00:00:00+00:00,0.363083034688103,1107138267.42566,63973401.72317245,-0.1750952897189904,No
2024-06-23 00:00:00+00:00,0.3541403576764852,1080257166.072186,33833063.53047159,-0.2154027625910118,No
2024-06-24 00:00:00+00:00,0.3491384422644052,1062480718.945483,31067958.555466283,-0.2379479769064383,No
2024-06-25 00:00:00+00:00,0.3654509540966569,1114819267.5570986,73418570.8954773,-0.164422328233361,No
2024-06-26 00:00:00+00:00,0.3745215525804032,1142368658.8311365,57205573.2261101,-0.1235382728390287,No
2024-06-27 00:00:00+00:00,0.3526550901423229,1075884365.0964415,43831778.00965028,-0.2220973329934949,No
2024-06-28 00:00:00+00:00,0.3604259805549445,1099288071.3496246,40488853.58562581,-0.1870714728297794,No
2024-06-29 00:00:00+00:00,0.3403192443162331,1038155322.2850416,38038722.51222366,-0.2776988905967256,No
2024-06-30 00:00:00+00:00,0.3328824218840612,1015165747.4514836,28910238.95571811,-0.3112190007437633,No
2024-07-01 00:00:00+00:00,0.3396250034517636,1033664959.5843376,38966313.327864304,-0.2808280536845682,No
2024-07-02 00:00:00+00:00,0.3328230580512629,1014304660.778353,39532009.62001868,-0.3114865723084065,No
2024-07-03 00:00:00+00:00,0.3379304266975691,1029728247.7957032,41568764.33594458,-0.2884660469231159,No
2024-07-04 00:00:00+00:00,0.3115581346754406,949515211.2459388,72312011.65904994,-0.4073343057089347,No
2024-07-05 00:00:00+00:00,0.2756634227261047,839037811.8626328,58371887.3066949,-0.5691231219959653,No
2024-07-06 00:00:00+00:00,0.2737135443120905,835442044.3549191,97655681.20548365,-0.5779118405390271,No
2024-07-07 00:00:00+00:00,0.288932803022375,879940026.8907142,49009374.90416883,-0.5093138293618246,No
2024-07-08 00:00:00+00:00,0.2585952295068855,785863103.0750096,43470209.596737936,-0.6460548656186325,No
2024-07-09 00:00:00+00:00,0.2869905423120572,873947890.970012,85072653.19500746,-0.5180682125056888,No
2024-07-10 00:00:00+00:00,0.3337724672556151,1019801713.6529578,131370195.853522,-0.3072072848311602,No
2024-07-11 00:00:00+00:00,0.3326475578472669,1005614338.9864511,94620677.41271928,-0.3122776072191399,No
2024-07-12 00:00:00+00:00,0.3115633231785191,950224439.8912646,103601430.86800449,-0.4073109194850096,No
2024-07-13 00:00:00+00:00,0.3114954123101426,949513139.34887,164137419.527283,-0.4076170152414866,No
2024-07-14 00:00:00+00:00,0.3151526553609081,962941969.8234864,66974626.24721495,-0.3911326644297993,No
2024-07-15 00:00:00+00:00,0.3274573348754859,1001311996.2508454,70999146.84036006,-0.3356715832470138,No
2024-07-16 00:00:00+00:00,0.3573311442691559,1135703811.347301,88667915.58911924,-0.2010208785245966,No
2024-07-17 00:00:00+00:00,0.3604793405222009,1143733626.9209208,83162757.50808422,-0.1868309625854931,No
2024-07-18 00:00:00+00:00,0.3496023949772384,1110983185.4321456,77168777.64945859,-0.2358567953327184,No
2024-07-19 00:00:00+00:00,0.3503454114736675,1111900300.2602398,66135624.90470215,-0.2325077850492907,No
2024-07-20 00:00:00+00:00,0.3846450052571234,1224043847.1474612,118394372.78301214,-0.0779086706955119,No
2024-07-21 00:00:00+00:00,0.3982664601612872,1264427865.138569,104202465.64221282,-0.0165124664812975,No
2024-07-22 00:00:00+00:00,0.3947381107055965,1253644607.121383,85837219.79018028,-0.0324158531051801,No
2024-07-23 00:00:00+00:00,0.3952012880830719,1254949035.980697,144335882.5200977,-0.0303281662130705,No
2024-07-24 00:00:00+00:00,0.3777993103907907,1199522565.4824045,102119051.27276663,-0.1087643819949772,No
2024-07-25 00:00:00+00:00,0.3566770485257043,1131795388.9654112,67247676.23538436,-0.2039690948585454,No
2024-07-26 00:00:00+00:00,0.3558796533987123,1129753849.6690967,69530917.60002694,-0.2075632068238726,No
2024-07-27 00:00:00+00:00,0.3726884144113677,1183294972.7207494,46893168.40100626,-0.1318008061859308,No
2024-07-28 00:00:00+00:00,0.3680584926024051,1168892690.191245,86743592.73404706,-0.1526693277116321,No
2024-07-29 00:00:00+00:00,0.3518354676211281,1115823891.6604357,44728622.88735723,-0.2257916308525629,No
2024-07-30 00:00:00+00:00,0.3528948822571821,1121128303.3729107,72422684.47946352,-0.2210165141120733,No
2024-07-31 00:00:00+00:00,0.3329201456264045,1057021462.3638344,63867044.330677696,-0.3110489679091706,No
2024-08-01 00:00:00+00:00,0.3178137302137355,1008965427.8551131,63439004.22191024,-0.3791383586641531,No
2024-08-02 00:00:00+00:00,0.3050554376274418,969822130.08429,73942538.44078536,-0.4366440173888568,No
2024-08-03 00:00:00+00:00,0.279328431870473,886235099.4844466,75703559.15107287,-0.5526037669448528,No
2024-08-04 00:00:00+00:00,0.2675890230409832,850374393.0326571,52695645.57935949,-0.6055169944172859,No
2024-08-05 00:00:00+00:00,0.2496222345476334,793579637.623172,68104139.94413395,-0.6864989910668589,No
2024-08-06 00:00:00+00:00,0.2277400477425315,722998263.0443351,173635613.91402906,-0.7851289259153712,No
2024-08-07 00:00:00+00:00,0.2431008300628831,772721026.9116359,64287078.11033208,-0.7158930230793153,No
2024-08-08 00:00:00+00:00,0.2360292465901153,749879878.226349,59030980.98863107,-0.7477668857515913,No
2024-08-09 00:00:00+00:00,0.292180784364055,925869504.7158048,94324847.39319237,-0.4946741504772448,No
2024-08-10 00:00:00+00:00,0.2880046918285219,913264136.4650396,89523019.16570726,-0.5134971199715439,No
2024-08-11 00:00:00+00:00,0.2989312915373778,949482236.9896716,85062052.78414091,-0.4642474802075251,No
2024-08-12 00:00:00+00:00,0.268102618125889,849761508.9555557,66378148.3421656,-0.6032020589762375,No
2024-08-13 00:00:00+00:00,0.3036598850752697,964000775.5527424,156128852.88508046,-0.4429342140005738,No
2024-08-14 00:00:00+00:00,0.2946181557123237,933871934.8903148,316580909.7055533,-0.483688147139346,No
2024-08-15 00:00:00+00:00,0.2821744646044131,896388915.7255803,96457201.92658934,-0.53977579752729,No
2024-08-16 00:00:00+00:00,0.2759954203528028,908088650.8358928,82589369.39462765,-0.5676267037182703,No
2024-08-17 00:00:00+00:00,0.2671907376010213,881769976.2407771,62644980.06788359,-0.6073121928288722,No
2024-08-18 00:00:00+00:00,0.2704307353244037,893314828.3393646,44289632.30779565,-0.5927084986362959,No
2024-08-19 00:00:00+00:00,0.2664558699052906,879371544.9739137,46541416.56551488,-0.610624473890987,No
2024-08-20 00:00:00+00:00,0.2674560364457571,882604920.2709987,54332120.61544936,-0.6061164070509363,No
2024-08-21 00:00:00+00:00,0.2658454414283427,877805686.1931611,64498096.67890552,-0.6133758680476719,No
2024-08-22 00:00:00+00:00,0.2803500551640678,925097030.6988816,69280429.06596738,-0.5479989877340526,No
2024-08-23 00:00:00+00:00,0.284721391553195,939526968.08315,81840915.66589975,-0.5282959924575467,No
2024-08-24 00:00:00+00:00,0.3289711360983852,1084283674.1910362,230460593.40648195,-0.3288484024873402,No
2024-08-25 00:00:00+00:00,0.3477615402103482,1147613082.694149,147783219.66552088,-0.2441541098260587,No
2024-08-26 00:00:00+00:00,0.3519545095648397,1161449881.563971,222229295.64699,-0.2252550711724409,No
2024-08-27 00:00:00+00:00,0.3344333441427811,1101900963.736868,225513490.987684,-0.3042285037383642,No
2024-08-28 00:00:00+00:00,0.3150899906824502,1040420527.4907136,148660942.3093075,-0.391415113949523,No
2024-08-29 00:00:00+00:00,0.3057782954630084,1011636504.5020994,150697346.19981036,-0.4333858685638936,No
2024-08-30 00:00:00+00:00,0.3037886388441537,1002948933.811049,113951256.9707859,-0.4423538800536226,No
2024-08-31 00:00:00+00:00,0.2942526263833891,971082050.7624544,116989064.49934907,-0.4853357034013935,No
2024-09-01 00:00:00+00:00,0.2847042501445612,940238259.0231912,66563634.86269348,-0.5283732542061927,No
2024-09-02 00:00:00+00:00,0.2662711431215823,879315342.8667835,68927177.59708838,-0.6114570959138315,No
2024-09-03 00:00:00+00:00,0.2843950792706841,937977571.6840874,77719309.2184495,-0.5297667850913439,No
2024-09-04 00:00:00+00:00,0.2639334516184296,873530544.1981114,115908483.85437325,-0.6219938106720708,No
2024-09-05 00:00:00+00:00,0.2730185351003106,899107638.2131536,85580906.88519008,-0.5810444668111411,No
2024-09-06 00:00:00+00:00,0.2654822544170829,876876768.3613294,90609003.08600444,-0.6150128667433429,No
2024-09-07 00:00:00+00:00,0.2630726091737728,867111121.8029459,121039240.00149667,-0.6258738997594897,No
2024-09-08 00:00:00+00:00,0.2663856529742843,877593879.0710206,71014686.4373522,-0.6109409638008892,No
2024-09-09 00:00:00+00:00,0.2798890787859835,925114231.8370216,104131563.12289968,-0.5500767540259736,No
2024-09-10 00:00:00+00:00,0.2949326915433311,973995842.2298722,142326755.04355028,-0.4822704346960653,No
2024-09-11 00:00:00+00:00,0.2948394130136273,971854041.6200829,108949366.3473406,-0.482690870523133,No
2024-09-12 00:00:00+00:00,0.2836562226300191,936065534.6790632,113916354.26741378,-0.53309704558954,No
2024-09-13 00:00:00+00:00,0.3032690678771423,1000787923.9945697,193790223.8783888,-0.4446957506848322,No
2024-09-14 00:00:00+00:00,0.305622756984572,1008117025.421126,94932027.64166594,-0.4340869296658418,No
2024-09-15 00:00:00+00:00,0.2987071652057212,985958968.7241068,66209017.599592045,-0.4652576884506963,No
2024-09-16 00:00:00+00:00,0.2992443620894734,1055364190.0831308,122877840.94237757,-0.4628363722396058,No
2024-09-17 00:00:00+00:00,0.2710393457250008,955470577.1510378,143626004.75548962,-0.5899652991245805,No
2024-09-18 00:00:00+00:00,0.2786619466276893,982369002.8304776,136364484.81307405,-0.5556078266697212,No
2024-09-19 00:00:00+00:00,0.3095886776171873,1087630711.002962,187337382.0814567,-0.416211271392144,No
2024-09-20 00:00:00+00:00,0.3359807999932,1184820620.031716,251159396.2636432,-0.2972536309312193,No
2024-09-21 00:00:00+00:00,0.3518235447669158,1240425659.2663157,288615838.2259267,-0.2258453709263792,No
2024-09-22 00:00:00+00:00,0.3913734636744364,1387043112.984098,316555383.8133264,-0.0475813811407141,No
2024-09-23 00:00:00+00:00,0.372389794332815,1312671352.457476,227922049.3621391,-0.133146781300504,No
2024-09-24 00:00:00+00:00,0.3664447624966948,1291573441.7392793,244192728.94661152,-0.1599429195425995,No
2024-09-25 00:00:00+00:00,0.435955017650673,1536680968.816463,318731696.624637,0.15336177884988,No
2024-09-26 00:00:00+00:00,0.4537295336145344,1596357268.2289617,591658283.6871628,0.2334771424144918,No
2024-09-27 00:00:00+00:00,0.4695356169295688,1658103362.388644,565616213.6811082,0.3047201576330863,No
2024-09-28 00:00:00+00:00,0.4630182612060173,1626307888.2096622,291440656.8454583,0.2753443746675286,No
2024-09-29 00:00:00+00:00,0.4466321811462829,1571361659.2960048,218106690.3476617,0.2014871307316849,No
2024-09-30 00:00:00+00:00,0.4843968483170801,1709443518.0009682,507665435.548329,0.3717044264620663,No
2024-10-01 00:00:00+00:00,0.4612941479362784,1622753864.453794,402221364.3078673,0.2675732510142858,No
2024-10-02 00:00:00+00:00,0.4398534884795118,1553351309.0699973,708359329.7053201,0.1709334195310364,No
2024-10-03 00:00:00+00:00,0.420831605928998,1483710049.520106,423638396.4354878,0.0851957803561526,No
2024-10-04 00:00:00+00:00,0.3951441907063473,1393960428.782856,383129060.6932354,-0.0305855221435598,No
2024-10-05 00:00:00+00:00,0.419383032364651,1477828547.0008552,336983681.19382805,0.0786666012778757,No
2024-10-06 00:00:00+00:00,0.4094980907412092,1443133055.7581902,120932897.52246568,0.0341120438661775,No
2024-10-07 00:00:00+00:00,0.4391780089751793,1548699357.0404973,259864446.5377275,0.1678888198254765,No
2024-10-08 00:00:00+00:00,0.4277935882632439,1512793239.249981,513033721.3445688,0.11657563604238,No
2024-10-09 00:00:00+00:00,0.4321631619700419,1524360258.937022,338615129.9324673,0.1362706863522868,No
2024-10-10 00:00:00+00:00,0.4033906332612693,1421964727.4008186,218707318.8442621,0.006583801890102,No
2024-10-11 00:00:00+00:00,0.4091716012075637,1442157904.670584,252286882.81447297,0.0326404523054717,No
2024-10-12 00:00:00+00:00,0.4473735945165425,1575180061.763523,280123138.1327273,0.204828915218575,No
2024-10-13 00:00:00+00:00,0.4794390550471261,1689938653.260775,345097129.3666303,0.3493580845921602,No
2024-10-14 00:00:00+00:00,0.4886616755058788,1721739825.3794608,350215504.1885979,0.3909273510956002,No
2024-10-15 00:00:00+00:00,0.4926881696090603,1737595181.6678946,261309274.48070008,0.4090760331538357,No
2024-10-16 00:00:00+00:00,0.4605417619459224,1727039724.9352832,257085872.98839256,0.2641820094591939,No
2024-10-17 00:00:00+00:00,0.4442565566076424,1663451523.0761888,212485610.7659877,0.190779439788474,No
2024-10-18 00:00:00+00:00,0.4299960864119342,1612337216.5542686,145878680.46836835,0.1265029916053372,No
2024-10-19 00:00:00+00:00,0.4446130065476162,1667470170.029358,163047624.54953593,0.1923860723736677,No
2024-10-20 00:00:00+00:00,0.435652030562805,1633546193.0389962,117215486.80005564,0.15199612024352,No
2024-10-21 00:00:00+00:00,0.4517622997429044,1693654025.525042,159944242.69406384,0.2246101973363419,No
2024-10-22 00:00:00+00:00,0.4277080501630649,1603408402.8750522,196630729.89631864,0.1161900887786234,No
2024-10-23 00:00:00+00:00,0.4302352408591612,1610604017.1885393,165121058.49398416,0.1275809363171167,No
2024-10-24 00:00:00+00:00,0.4370447712950596,1637799828.546369,156193208.18243396,0.1582736430938008,No
2024-10-25 00:00:00+00:00,0.4219741279616071,1580222488.4309316,157529022.23753038,0.0903454884106033,No
2024-10-26 00:00:00+00:00,0.3688107410673389,1376855796.479534,202304821.24821565,-0.149278706027102,No
2024-10-27 00:00:00+00:00,0.3770285473079653,1413348201.8659656,133018494.0443875,-0.1122384549164724,No
2024-10-28 00:00:00+00:00,0.3739240272620817,1402398911.695473,60692298.73815415,-0.1262315083799413,No
2024-10-29 00:00:00+00:00,0.3717904733932411,1393789023.202011,124709590.94622412,-0.1358481102741575,No
2024-10-30 00:00:00+00:00,0.3958662402705697,1484058203.78499,204762708.97021493,-0.0273310164531117,No
2024-10-31 00:00:00+00:00,0.4091941031592817,1534774098.8573563,314611185.6137121,0.0327418757167457,No
2024-11-01 00:00:00+00:00,0.3854788544809717,1447310163.730089,115314639.50940952,-0.0741502485892504,No
2024-11-02 00:00:00+00:00,0.3784817103493284,1418220161.7084005,142595285.48847067,-0.1056885896141392,No
2024-11-03 00:00:00+00:00,0.3657137168278829,1371219248.8662603,61787395.4979254,-0.1632379735209063,No
2024-11-04 00:00:00+00:00,0.3493732491117888,1309587187.7275107,130901718.42721352,-0.2368896282018186,No
2024-11-05 00:00:00+00:00,0.3383280634616633,1363052388.261324,113706833.73041832,-0.2866737722987701,No
2024-11-06 00:00:00+00:00,0.3513509260506326,1418056817.4255123,122235516.64257458,-0.2279756129177477,No
2024-11-07 00:00:00+00:00,0.4105779440267638,1655772486.364637,250770052.5080473,0.0389792840624531,No
2024-11-08 00:00:00+00:00,0.4157124326613091,1678072982.7812958,244927352.1394296,0.0621220478097929,No
2024-11-09 00:00:00+00:00,0.4167286942421354,1680149288.9363863,188760927.55457413,0.066702660085828,No
2024-11-10 00:00:00+00:00,0.4528689998893611,1835547457.5428808,283191454.43118924,0.229598444823399,No
2024-11-11 00:00:00+00:00,0.4671228929162802,1883234677.5210404,537601011.3241245,0.2938452476271715,No
2024-11-12 00:00:00+00:00,0.5136370826179146,2068775561.9408584,609964828.0615866,0.5034994079112761,No
2024-11-13 00:00:00+00:00,0.4893608576325806,1975955917.534686,595975981.6523235,0.394078786014699,No
2024-11-14 00:00:00+00:00,0.4505576602765254,1818627140.7607453,527361948.6329784,0.2191805063670095,No
2024-11-15 00:00:00+00:00,0.4371092537738764,1760265588.5147753,340238179.1159809,0.1585642860145115,No
2024-11-16 00:00:00+00:00,0.4611584873335499,1961492424.310745,303871710.4338684,0.2669617857833292,No
2024-11-17 00:00:00+00:00,0.5421093873567076,2293841115.202381,822852096.6128049,0.6318330880130926,No
2024-11-18 00:00:00+00:00,0.5007929465940351,2129552678.362948,420025211.4994843,0.4456068256705784,No
2024-11-19 00:00:00+00:00,0.5145134580956529,2186008118.196525,341483764.0093292,0.507449509290175,No
2024-11-20 00:00:00+00:00,0.491385521069759,2088413470.294255,216487305.83188576,0.4032045843034018,No
2024-11-21 00:00:00+00:00,0.4647687796814766,1975024465.4948027,277732541.6765346,0.2832345149320023,No
2024-11-22 00:00:00+00:00,0.4864906940776,2066061224.155356,295437145.85701513,0.3811420513567941,No
2024-11-23 00:00:00+00:00,0.5120810356521093,2176834920.78001,328477611.8042876,0.4964858122306642,No
2024-11-24 00:00:00+00:00,0.5332473246562958,2266099395.8441534,558239661.4323369,0.591888969331076,No
2024-11-25 00:00:00+00:00,0.6531948279716399,2773348784.541446,1652979803.5796857,1.1325302929156007,No
2024-11-26 00:00:00+00:00,0.6546842440128764,2774387570.4614034,1459327443.5624912,1.1392435619511816,No
2024-11-27 00:00:00+00:00,0.6879812314178105,2923166831.5359616,1131359437.6243849,1.2893236123433436,No
2024-11-28 00:00:00+00:00,0.6760736328811712,2690271906.392137,612385282.3668967,1.2356523006809663,No
2024-11-29 00:00:00+00:00,0.661912959030646,2635641825.7422004,342049717.16307473,1.1718256661801267,No
2024-11-30 00:00:00+00:00,0.6774686921609201,2701802185.7232094,290293351.8055627,1.2419402739579044,No
2024-12-01 00:00:00+00:00,0.6670091778435542,2659889712.7385507,413787010.5596821,1.194795935740832,No
2024-12-02 00:00:00+00:00,0.6519480827657451,2596403804.0994334,375162714.8732277,1.1269108180648777,No
2024-12-03 00:00:00+00:00,0.6417657956287814,2556099683.078624,425058876.638397,1.0810160304062044,No
2024-12-04 00:00:00+00:00,0.6951168122761286,2764029586.20843,684193611.4957563,1.3214859314675966,No
2024-12-05 00:00:00+00:00,0.6909144869754678,2750288832.362288,803080683.6684071,1.3025447226063414,No
2024-12-06 00:00:00+00:00,0.7024934440250742,2798094536.810447,857621224.873683,1.3547347431736705,No
2024-12-07 00:00:00+00:00,0.7098086700531434,2827172891.468228,397517202.8393792,1.38770677987991,No
2024-12-08 00:00:00+00:00,0.6958565258983942,2778199699.8561697,209643940.85093868,1.324820054652835,No
2024-12-09 00:00:00+00:00,0.6951182789497997,2765678497.078485,208920624.7665719,1.321492542229579,No
2024-12-10 00:00:00+00:00,0.568610512864249,2261585206.043877,557126277.789459,0.751282040053464,No
2024-12-11 00:00:00+00:00,0.5510057231094828,2192829353.387966,540211097.4519236,0.671931686178891,No
2024-12-12 00:00:00+00:00,0.5988021702509223,2387198199.6968365,366681957.5438489,0.887365386180548,No
2024-12-13 00:00:00+00:00,0.608434251428636,2422272865.8395267,412172021.40316993,0.9307802216115294,No
2024-12-14 00:00:00+00:00,0.5974419326773281,2378396691.405526,275422825.7098471,0.8812343653435076,No
2024-12-15 00:00:00+00:00,0.5746084318473356,2283416942.055593,209387110.05515608,0.7783165573892978,No
2024-12-16 00:00:00+00:00,0.5970764424748966,2517332128.301289,198741507.55524293,0.8795869854369806,No
2024-12-17 00:00:00+00:00,0.5643788945998186,2381354511.5165205,231674740.215162,0.7322087985423716,No
2024-12-18 00:00:00+00:00,0.5287868592031187,2226533545.870887,176423234.01653296,0.5717842411812224,No
2024-12-19 00:00:00+00:00,0.475515926502464,1996245907.9065664,319188874.6749123,0.3316753037892769,No
2024-12-20 00:00:00+00:00,0.4361010891393272,1840509760.480748,334119660.80869067,0.1540201692355168,No
2024-12-21 00:00:00+00:00,0.4405856415920258,1852576034.5702069,339328458.66988605,0.1742334651082707,No
2024-12-22 00:00:00+00:00,0.4213352069704501,1769846479.434473,209612288.1941744,0.0874656694833438,No
2024-12-23 00:00:00+00:00,0.4180924427167822,1761688155.980309,144683272.2719155,0.0728495056640229,No
2024-12-24 00:00:00+00:00,0.4568151320718647,1923340013.04336,186809402.7282605,0.247384910295543,No
2024-12-25 00:00:00+00:00,0.4703671027835948,1977215334.3290725,144095023.04966843,0.308467927284286,No
2024-12-26 00:00:00+00:00,0.4546286287157705,1912796123.7619736,101803137.2498316,0.2375296483202021,No
2024-12-27 00:00:00+00:00,0.4189238165107203,1762517250.6149046,110634080.18238002,0.0765967702249742,No
2024-12-28 00:00:00+00:00,0.4140616000723022,1741562375.721754,129883508.4211897,0.0546812233551918,No
2024-12-29 00:00:00+00:00,0.4255311553819665,1790338042.5216844,75337584.3857556,0.1063781356889193,No
2024-12-30 00:00:00+00:00,0.4105531302615949,1726697433.8450215,61651657.35072047,0.0388674405769847,No
2024-12-31 00:00:00+00:00,0.4028312530648862,1694044180.878032,173243635.35734615,0.0040624984748534,No
2025-01-01 00:00:00+00:00,0.3964751572561692,1668519688.3831573,94389305.66938937,-0.0245864350658516,No
2025-01-02 00:00:00+00:00,0.4194190170815642,1763617918.5296285,85574756.7878678,0.0788287957749934,No
2025-01-03 00:00:00+00:00,0.4297732181752213,1807106154.099949,99316227.454802,0.1254984539938735,No
2025-01-04 00:00:00+00:00,0.4561042656124672,1919956660.609825,138810690.39215532,0.2441808103945212,No
2025-01-05 00:00:00+00:00,0.4729341124951068,1991094826.026108,157644744.3912503,0.3200382517156129,No
2025-01-06 00:00:00+00:00,0.4585554219088171,1933251703.0339737,113283358.66450518,0.2552289468520778,No
2025-01-07 00:00:00+00:00,0.4637020059918546,1950152793.711802,170334883.64151698,0.2784262286102261,No
2025-01-08 00:00:00+00:00,0.4150918239772455,1748251606.823156,155602403.27454042,0.0593247682407627,No
2025-01-09 00:00:00+00:00,0.3958717867370471,1666829581.639461,160228378.38949782,-0.0273060167749637,No
2025-01-10 00:00:00+00:00,0.374374506445206,1573469726.0623276,126059854.48033488,-0.124201056264808,No
2025-01-11 00:00:00+00:00,0.389192218635371,1638358238.8451204,115830739.22386618,-0.0574129422185812,No
2025-01-12 00:00:00+00:00,0.3884040920370709,1635699844.3219812,53755984.010817535,-0.0609652779944826,No
2025-01-13 00:00:00+00:00,0.3821582545229012,1607838800.0856862,51954534.652236566,-0.0891172425391469,No
2025-01-14 00:00:00+00:00,0.3645501967940626,1532406273.7880852,164791068.497212,-0.1684823262061635,No
2025-01-15 00:00:00+00:00,0.3770633183902717,1586946292.208545,75958455.94537798,-0.1120817306542661,No
2025-01-16 00:00:00+00:00,0.4067942563074729,1802131821.889312,142944961.50333297,0.0219250071492441,No
2025-01-17 00:00:00+00:00,0.404787538590215,1790552887.782508,173852718.83952534,0.0128800958944714,No
2025-01-18 00:00:00+00:00,0.4250770598240095,1888235362.6050656,188795825.17073023,0.1043313834289552,No
2025-01-19 00:00:00+00:00,0.3934906337164057,1743489299.7163248,146714548.43121424,-0.0380386263346007,No
2025-01-20 00:00:00+00:00,0.3461747521053122,1534828903.8236122,232517075.79176068,-0.2513062655412091,No
2025-01-21 00:00:00+00:00,0.3496567688777426,1550512841.9361591,309351725.71312255,-0.2356117149706889,No
2025-01-22 00:00:00+00:00,0.3603716821167479,1590278424.6263556,133247420.48026828,-0.187316213059328,No
2025-01-23 00:00:00+00:00,0.346797860598691,1540073282.32092,139776559.71744475,-0.2484977185411817,No
2025-01-24 00:00:00+00:00,0.3426334460587084,1519086237.5203204,259172960.9168133,-0.2672680516170752,No
2025-01-25 00:00:00+00:00,0.3402308406070828,1506332157.3560245,182087122.67152804,-0.2780973540661915,No
2025-01-26 00:00:00+00:00,0.3456509534076038,1534671690.9476836,89384290.82862644,-0.2536671918914341,No
2025-01-27 00:00:00+00:00,0.3382741144338309,1499451319.7973027,81019028.42895424,-0.2869169376253274,No
2025-01-28 00:00:00+00:00,0.3168795853822393,1403718544.4601066,221486337.4826381,-0.3833488447865026,No
2025-01-29 00:00:00+00:00,0.2945072957044184,1304940330.799942,72018306.23020433,-0.4841878282477466,No
2025-01-30 00:00:00+00:00,0.3062617152397015,1357538208.6077104,112318531.7115713,-0.4312069427780754,No
2025-01-31 00:00:00+00:00,0.3302116745777868,1466298299.9257956,84120819.76181893,-0.3232569033154236,No
2025-02-01 00:00:00+00:00,0.332243773563224,1471898202.4412806,109432722.60289738,-0.3140975906596761,No
2025-02-02 00:00:00+00:00,0.3006819283171572,1333873630.9724338,60975449.716858536,-0.4563568067080743,No
2025-02-03 00:00:00+00:00,0.2545942533933359,1128900385.3648114,156055030.5559832,-0.6640885300290764,No
2025-02-04 00:00:00+00:00,0.2561927848226726,1136285485.150011,356390206.9319152,-0.6568834434381869,No
2025-02-05 00:00:00+00:00,0.2429863589166609,1071954955.3481402,135611833.14991504,-0.7164089807299144,No
2025-02-06 00:00:00+00:00,0.2318186862479517,1026182361.1602668,77181342.33236526,-0.766745212548733,No
2025-02-07 00:00:00+00:00,0.2181245923039385,965896736.307134,80923358.24313697,-0.828468823883251,No
2025-02-08 00:00:00+00:00,0.2173502464647639,962949162.0688837,86574669.43210448,-0.8319590454204423,No
2025-02-09 00:00:00+00:00,0.2283395226162703,1012388394.127434,46987333.481991336,-0.7824269031117641,No
2025-02-10 00:00:00+00:00,0.225026197631328,997514932.092212,63667144.36196718,-0.7973611064575016,No
2025-02-11 00:00:00+00:00,0.2328857808827116,1032650991.2842448,70074774.79083386,-0.7619354796257406,No
2025-02-12 00:00:00+00:00,0.227590019306733,1009551504.145519,73442491.71739274,-0.7858051515129326,No
2025-02-13 00:00:00+00:00,0.2408715059307485,1066567722.1880782,87350163.53572199,-0.7259412918317505,No
2025-02-14 00:00:00+00:00,0.232789180719942,1031682994.6449356,63882441.45160785,-0.7623708871033014,No
2025-02-15 00:00:00+00:00,0.2426836649348584,1075467357.251323,66900271.607651226,-0.71777331821456,No
2025-02-16 00:00:00+00:00,0.2372487083714893,1104917035.9342887,40032096.231036775,-0.7422703859219159,No
2025-02-17 00:00:00+00:00,0.2329720990719965,1084994690.89834,39447430.27092559,-0.7615464162537277,No
2025-02-18 00:00:00+00:00,0.2305284640953101,1073549808.6055398,69391483.24166411,-0.7725606517453986,No
2025-02-19 00:00:00+00:00,0.2211126883147859,1029108602.1512978,62614624.52938978,-0.8150005303577491,No
2025-02-20 00:00:00+00:00,0.230914630560734,1074043276.0219266,67659552.4056412,-0.7708200773839476,No
2025-02-21 00:00:00+00:00,0.2671189122680333,1244512635.941998,234070480.2254801,-0.6076359323150659,No
2025-02-22 00:00:00+00:00,0.2550245208378578,1188187240.0503044,227890285.43322915,-0.6621491786105638,No
2025-02-23 00:00:00+00:00,0.2799605895400119,1304236724.4242337,197664273.4283237,-0.5497544324466174,No
2025-02-24 00:00:00+00:00,0.2799175320304494,1302671364.9632275,93441315.5087159,-0.5499485062565485,No
2025-02-25 00:00:00+00:00,0.2654432080513934,1235565120.8933983,327217745.5294908,-0.6151888610595568,No
2025-02-26 00:00:00+00:00,0.2774001426777346,1290441024.8338225,355159217.7618754,-0.5612951760413393,No
2025-02-27 00:00:00+00:00,0.2681888253256492,1249081138.6566236,197377533.750834,-0.6028134958691059,No
2025-02-28 00:00:00+00:00,0.2569385717603096,1195935375.3893268,105206675.96261804,-0.6535219459002508,No
2025-03-01 00:00:00+00:00,0.2513195199439842,1170476257.6694963,174224156.53195077,-0.6788487891216684,No
2025-03-02 00:00:00+00:00,0.2481098512808274,1155507461.4612677,89703355.70535518,-0.6933157806500772,No
2025-03-03 00:00:00+00:00,0.269677034803966,1257735182.914266,144582428.3707244,-0.5961056651941068,No
2025-03-04 00:00:00+00:00,0.2280430927956418,1064129022.7860806,121508778.3867151,-0.7837630060413363,No
2025-03-05 00:00:00+00:00,0.2233661543850673,1040559235.6526488,144164439.00581667,-0.8048434462566588,No
2025-03-06 00:00:00+00:00,0.2339372329746499,1089651636.724341,89408078.810206,-0.7571962525892533,No
2025-03-07 00:00:00+00:00,0.2253964932347359,1049021712.3828664,97137044.9819534,-0.7956920670893569,No
2025-03-08 00:00:00+00:00,0.2245316331269466,1045613522.6126306,128870888.5685187,-0.7995902650548568,No
2025-03-09 00:00:00+00:00,0.2144067674534623,997545189.0881284,69330218.11521953,-0.8452262360215641,No
2025-03-10 00:00:00+00:00,0.2007121703261221,935324734.6810644,105030247.225526,-0.9069521153624382,No
2025-03-11 00:00:00+00:00,0.1830090197321756,853077845.4072626,123027442.2896178,-0.9867458126398624,No
2025-03-12 00:00:00+00:00,0.1915875341729541,890694904.7050775,108156345.37945975,-0.9480797356189984,No
2025-03-13 00:00:00+00:00,0.1887042927062449,878468571.7093185,96304030.79143776,-0.9610754165601626,No
2025-03-14 00:00:00+00:00,0.1892026808185803,883312920.8453113,103486545.59104492,-0.958829023752774,No
2025-03-15 00:00:00+00:00,0.2037258939774278,949085252.2099228,102968884.886372,-0.8933683099581997,No
2025-03-16 00:00:00+00:00,0.205702970802371,1003218092.2622404,66763863.55021448,-0.8844569995772287,No
2025-03-17 00:00:00+00:00,0.197061423993567,961583318.9664532,74719561.05700403,-0.9234071834109572,No
2025-03-18 00:00:00+00:00,0.2002169961377683,977390099.8478172,61375522.83001407,-0.9091840219982328,No
2025-03-19 00:00:00+00:00,0.1978244680218755,965902976.3756318,46268538.26233341,-0.9199679027088536,No
2025-03-20 00:00:00+00:00,0.2034628003846596,993847026.2492672,82937993.1255353,-0.89455415596824,No
2025-03-21 00:00:00+00:00,0.1945580484537339,948364477.2195412,58503111.88964285,-0.9346906885100696,No
2025-03-22 00:00:00+00:00,0.1911147466604403,933441699.014034,43995574.67432756,-0.95021073842835,No
2025-03-23 00:00:00+00:00,0.1919641947997421,936950068.558941,39345099.82166242,-0.946382007077926,No
2025-03-24 00:00:00+00:00,0.1932571263672142,943976532.8989608,40649741.53560589,-0.9405543556919308,No
2025-03-25 00:00:00+00:00,0.2016651777313704,982507582.0850124,77460528.03329396,-0.90265660965604,No
2025-03-26 00:00:00+00:00,0.2080793870537723,1014470065.716638,73939917.84927872,-0.8737457401342735,No
2025-03-27 00:00:00+00:00,0.2087658063196737,1019085000.3403976,73745559.94550456,-0.8706518314642847,No
2025-03-28 00:00:00+00:00,0.2106440436056866,1027242972.3081188,58420402.803791,-0.862186022137298,No
2025-03-29 00:00:00+00:00,0.1923461578072074,938803008.3511856,79364868.47873357,-0.9446603790305838,No
2025-03-30 00:00:00+00:00,0.1797408246017869,876817506.4214336,69413665.250475,-1.0014766014615404,No
2025-03-31 00:00:00+00:00,0.1752369359918384,854593349.5620209,49770734.573260754,-1.0217770515089095,No
2025-04-01 00:00:00+00:00,0.1722104627153287,840835184.8571124,66118494.368573815,-1.0354183235052403,No
2025-04-02 00:00:00+00:00,0.1763655746483674,862709700.3335409,74773533.00275451,-1.01668992022023,No
2025-04-03 00:00:00+00:00,0.1641794781053769,802471998.0877488,112426653.55465204,-1.07161651045538,No
2025-04-04 00:00:00+00:00,0.1650621569520505,808220675.2597574,73222863.43155971,-1.0676379977996302,No
2025-04-05 00:00:00+00:00,0.1645897349187168,804013455.8546618,79672382.2108229,-1.0697673532787562,No
2025-04-06 00:00:00+00:00,0.1630487711135257,793403080.7188572,31351129.290817525,-1.0767129643853428,No
2025-04-07 00:00:00+00:00,0.1451810610610078,707932051.8528974,88554758.15255226,-1.1572483831745226,No
2025-04-08 00:00:00+00:00,0.1498118369732003,735312579.039484,162314371.57919538,-1.1363760119355055,No
2025-04-09 00:00:00+00:00,0.1406653265852089,686477537.768129,72200057.10107289,-1.1776022262848185,No
2025-04-10 00:00:00+00:00,0.1554407002453811,759351017.7009739,111033146.4219766,-1.1110049453802684,No
2025-04-11 00:00:00+00:00,0.1492429323357987,728716164.7165083,57967503.24238375,-1.138940245017953,No
2025-04-12 00:00:00+00:00,0.155081863823581,756821032.4985411,45636464.402575865,-1.1126223345936337,No
2025-04-13 00:00:00+00:00,0.182267641164842,889858169.4571925,145379264.28406084,-0.9900874402589608,No
2025-04-14 00:00:00+00:00,0.1722373647581582,840874475.2857218,93221565.0821128,-1.0352970674920643,No
2025-04-15 00:00:00+00:00,0.1749474234721703,854157460.294089,94808732.18853436,-1.0230819759758756,No
2025-04-16 00:00:00+00:00,0.1695390163400836,866013477.1443616,70157013.78816362,-1.04745937700179,No
2025-04-17 00:00:00+00:00,0.1676811483523722,856386163.8769109,75145822.64869261,-1.0558333754607734,No
2025-04-21 16:07:52+00:00,0.95,2400000000.0,300000000.0,,
2025-04-21 16:07:53+00:00,0.95,2400000000.0,300000000.0,,
2025-04-21 16:08:52+00:00,0.95,2400000000.0,300000000.0,,
2025-04-21 16:08:53+00:00,0.95,2400000000.0,300000000.0,,
2025-04-21 16:09:42+00:00,0.95,2400000000.0,300000000.0,,
2025-04-21 16:09:43+00:00,0.95,2400000000.0,300000000.0,,
2025-04-21 16:10:42+00:00,0.95,2400000000.0,300000000.0,,
2025-04-21 16:10:43+00:00,0.95,2400000000.0,300000000.0,,
2025-04-21 16:10:59+00:00,0.95,2400000000.0,300000000.0,,
2025-04-21 16:11:42+00:00,0.95,2400000000.0,300000000.0,,
2025-04-21 16:12:00+00:00,0.95,2400000000.0,300000000.0,,
2025-04-21 16:12:42+00:00,0.95,2400000000.0,300000000.0,,
2025-04-21 16:13:00+00:00,0.95,2400000000.0,300000000.0,,
2025-04-21 16:13:42+00:00,0.95,2400000000.0,300000000.0,,
2025-04-21 16:14:00+00:00,0.95,2400000000.0,300000000.0,,
2025-04-21 16:14:42+00:00,0.95,2400000000.0,300000000.0,,
2025-04-21 16:15:00+00:00,0.95,2400000000.0,300000000.0,,
2025-04-21 16:15:42+00:00,0.95,2400000000.0,300000000.0,,
2025-04-21 16:16:00+00:00,0.95,2400000000.0,300000000.0,,
2025-04-21 16:16:42+00:00,0.95,2400000000.0,300000000.0,,
2025-04-21 16:17:00+00:00,0.95,2400000000.0,300000000.0,,
2025-04-21 16:17:42+00:00,0.95,2400000000.0,300000000.0,,
2025-04-21 16:18:00+00:00,0.95,2400000000.0,300000000.0,,
2025-04-21 16:18:42+00:00,0.95,2400000000.0,300000000.0,,
2025-04-21 16:19:00+00:00,0.95,2400000000.0,300000000.0,,
2025-04-21 16:19:42+00:00,0.95,2400000000.0,300000000.0,,
2025-04-21 16:20:00+00:00,0.95,2400000000.0,300000000.0,,
2025-04-21 16:20:42+00:00,0.95,2400000000.0,300000000.0,,
2025-04-21 16:21:00+00:00,0.95,2400000000.0,300000000.0,,
2025-04-21 16:21:43+00:00,0.95,2400000000.0,300000000.0,,
2025-04-21 16:22:00+00:00,0.95,2400000000.0,300000000.0,,
2025-04-21 16:22:43+00:00,0.95,2400000000.0,300000000.0,,
2025-04-21 16:23:00+00:00,0.95,2400000000.0,300000000.0,,
2025-04-21 16:23:43+00:00,0.95,2400000000.0,300000000.0,,
2025-04-21 16:24:00+00:00,0.95,2400000000.0,300000000.0,,
2025-04-21 16:24:43+00:00,0.95,2400000000.0,300000000.0,,
2025-04-21 16:25:00+00:00,0.95,2400000000.0,300000000.0,,
2025-04-21 16:25:43+00:00,0.95,2400000000.0,300000000.0,,
2025-04-21 16:26:00+00:00,0.95,2400000000.0,300000000.0,,
2025-04-21 16:26:43+00:00,0.95,2400000000.0,300000000.0,,
2025-04-21 16:27:00+00:00,0.95,2400000000.0,300000000.0,,
2025-04-21 16:27:43+00:00,0.95,2400000000.0,300000000.0,,
2025-04-21 16:28:00+00:00,0.95,2400000000.0,300000000.0,,
2025-04-21 16:28:43+00:00,0.95,2400000000.0,300000000.0,,
2025-04-21 16:29:00+00:00,0.95,2400000000.0,300000000.0,,
2025-04-21 16:29:11+00:00,0.95,2400000000.0,300000000.0,,
2025-04-21T16:29:25Z,0.95,2400000000.0,300000000.0,,
